fitness,lr0,lrf,momentum,weight_decay,warmup_epochs,warmup_momentum,box,cls,dfl,hsv_h,hsv_s,hsv_v,degrees,translate,scale,shear,perspective,flipud,fliplr,bgr,mosaic,mixup,copy_paste
0.0,0.01,0.01,0.937,0.0005,3.0,0.8,7.5,0.5,1.5,0.015,0.7,0.4,0.0,0.1,0.5,0.0,0.0,0.0,0.5,0.0,1.0,0.0,0.0
0.0,0.01064,0.01017,0.93238,0.0005,2.98997,0.82333,7.21811,0.51702,1.44749,0.01569,0.73272,0.41463,0.0,0.09957,0.49799,0.0,0.0,0.0,0.49758,0.0,1.0,0.0,0.0
0.0,0.01014,0.01033,0.96108,0.0005,2.7364,0.73342,7.2724,0.513,1.39135,0.01436,0.57537,0.4397,0.0,0.08503,0.53297,0.0,0.0,0.0,0.54523,0.0,1.0,0.0,0.0
0.0,0.01087,0.01047,0.92943,0.0005,2.70999,0.82412,6.36765,0.513,1.27517,0.01447,0.58496,0.46027,0.0,0.09023,0.50286,0.0,0.0,0.0,0.58823,0.0,1.0,0.0,0.0
0.0,0.01087,0.00855,0.80908,0.00062,2.70999,0.85663,4.85395,0.64136,1.27517,0.01342,0.64415,0.46027,0.0,0.09023,0.48732,0.0,0.0,0.0,0.42014,0.0,1.0,0.0,0.0
