fitness,lr0,lrf,momentum,weight_decay,warmup_epochs,warmup_momentum,box,cls,dfl,hsv_h,hsv_s,hsv_v,degrees,translate,scale,shear,perspective,flipud,fliplr,bgr,mosaic,mixup,copy_paste
0.0,0.01,0.01,0.937,0.0005,3.0,0.8,7.5,0.5,1.5,0.015,0.7,0.4,0.0,0.1,0.5,0.0,0.0,0.0,0.5,0.0,1.0,0.0,0.0
0.0,0.00896,0.0104,0.93595,0.00049,3.0,0.86946,8.49844,0.43323,1.67388,0.01535,0.74953,0.3717,0.0,0.10597,0.47366,0.0,0.0,0.0,0.48647,0.0,1.0,0.0,0.0
0.0,0.01349,0.01002,0.94107,0.0005,2.67631,0.82635,7.25513,0.5,0.94143,0.01378,0.9,0.4783,0.0,0.1,0.38929,0.0,0.0,0.0,0.41785,0.0,1.0,0.0,0.0
0.0,0.01452,0.0116,0.92888,0.00048,2.93833,0.84253,6.86511,0.51619,0.94143,0.0135,0.9,0.46075,0.0,0.10499,0.36842,0.0,0.0,0.0,0.41785,0.0,1.0,0.0,0.0
0.0,0.00896,0.01008,0.93595,0.00043,2.24524,0.79754,8.49844,0.56114,1.54302,0.01524,0.62822,0.3525,0.0,0.11903,0.42834,0.0,0.0,0.0,0.43888,0.0,1.0,0.0,0.0
